teamLabel,ranking,prediction,eval
Germany men's national association football team,1,"Answer: 10, Confidence: high.",True
Argentina men's national association football team,1,"Answer: 1st, Confidence: High",True
Brazil men's national football team,2,"Answer: 5, Confidence: High.",True
Italy men's national association football team,4,"Answer: 9, Confidence: high",False
Belgium men's national football team,5,"Answer: 8, Confidence: high",False
Spain men's national football team,6,"Answer: 2, Confidence: high",True
Portugal men's national football team,6,"Answer: 7, Confidence: High.",True
Poland men's national football team,7,"Answer: 34
Confidence: high",True
Switzerland men's national football team,8,"Answer: 20th 
Confidence: High",False
France men's national association football team,9,"Answer: 3
Confidence: High",True
Chile men's national football team,10,"Answer: 50th, Confidence: medium.",False
Morocco men's national football team,11,"Answer: 12, Confidence: high",True
Mexico men's national football team,11,"Answer: 17, Confidence: high.",False
Denmark men's national football team,12,"Answer: 21, Confidence: high.",True
Colombia men's national football team,13,"Answer: 14
Confidence: High",True
England men's national association football team,15,"Answer: 4, Confidence: high.",True
Yugoslavia men's national football team,16,"Answer: Not Ranked, Confidence: Medium

Note: The search results do not explicitly state Yugoslavia's current ranking. However, considering that Yugoslavia dissolved into several countries (including Serbia and Croatia) in the 1990s and does not exist as a country or national team anymore, it is logical to infer that they are no longer ranked.",True
Croatia men's national football team,17,"Answer: 11, Confidence: high.",True
Sweden men's national football team,18,"Answer: 27th 
Confidence: high",False
Czechoslovakia men's national association football team,19,"Answer: Not available, Confidence: low",False
Peru men's national football team,20,"Answer: 42, Confidence: high.",True
Netherlands national association football team,20,"Answer: 6, Confidence: high.",True
Iceland men's national football team,22,"Answer: 74, Confidence: high",True
Senegal men's national association football team,23,"Answer: 19, Confidence: high",True
United States men's national soccer team,24,"Answer: 16, Confidence: high",True
Northern Ireland men's national association football team,24,"Answer: 59, Confidence: high",False
Costa Rica men's national football team,26,"Answer: 54
Confidence: Medium",True
Tunisia men's national football team,27,"Answer: 49, Confidence: high.",True
Slovakia men's national football team,28,"Answer: 46, Confidence: high",True
Venezuela men's national football team,29,"Answer: 47, Confidence: High.",True
Austria men's national football team,29,"Answer: 22,
Confidence: high",True
Wales men's national association football team,29,"Answer: 19 
Confidence: High",False
Paraguay men's national football team,30,"Answer: 48, Confidence: high.",True
Egypt men's national football team,31,"Answer: 32, Confidence: High.",True
Scotland men's national football team,32,"Answer: 44, Confidence: high.",True
Republic of Ireland men's national association football team,32,"Answer: 49 
Confidence: medium",False
Iran men's national football team,32,"Answer: 18th 
Confidence: High",True
Ukraine men's national football team,35,"Answer: 25, Confidence: high",True
Serbia and Montenegro national football team,36,"Answer: 31
Confidence: High",True
DR Congo men's national football team,36,"Answer: 61st
Confidence: High",True
Serbia men's national football team,37,"Answer: 31
Confidence: high",True
Bosnia and Herzegovina men's national football team,38,"Answer: 70, Confidence: high.",True
Australia men's national soccer team,39,"Answer: 26, Confidence: high.",True
Romania men's national association football team,41,"Answer: 45, Confidence: medium",True
Turkey men's national football team,42,"Answer: 27th, Confidence: high.",True
Bulgaria men's national football team,43,"Answer: 85, Confidence: high.",True
Burkina Faso men's national football team,44,"Answer: 64, Confidence: high",True
Czechia men's national football team,44,"Answer: 39, Confidence: high.",True
Cameroon men's national football team,45,"Answer: 50
Confidence: high",True
